Asset Code,Asset Name,External Format,Status,Release ID,Type,Parent,Output File Name,Notes
"SB-00","OnPoint Systems Book — Master Rollup","Book Rollup (Master)","ACTIVE","v2026-02-17r3","Book Master","","OnPoint_Systems_Book_Master_v2026-02-17r3.zip","PARENT BOOK: contains SB-01…SB-12 chapter rollups."
"SB-01","SB-01 Chapter Rollup — Foundation & Positioning","Chapter Rollup","ACTIVE","v2026-02-17r3","Chapter Rollup","SB-00","OnPoint_SB-01_Chapter_Rollup_v2026-02-17r3.zip","PARENT CHAPTER: contains SB-01-Axx, SB-01-Wxx, SB-01-Txx."
"SB-02","SB-02 Chapter Rollup — Offer, Pricing & Packaging","Chapter Rollup","ACTIVE","v2026-02-17r3","Chapter Rollup","SB-00","OnPoint_SB-02_Chapter_Rollup_v2026-02-17r3.zip","PARENT CHAPTER: contains SB-02-Axx, SB-02-Wxx, SB-02-Txx."
"SB-03","SB-03 Chapter Rollup — Lead Gen & Marketing Engine","Chapter Rollup","ACTIVE","v2026-02-17r3","Chapter Rollup","SB-00","OnPoint_SB-03_Chapter_Rollup_v2026-02-17r3.zip","PARENT CHAPTER: contains SB-03-Axx, SB-03-Wxx, SB-03-Txx."
"SB-04","SB-04 Chapter Rollup — Client Experience & Delivery Standards","Chapter Rollup","ACTIVE","v2026-02-17r3","Chapter Rollup","SB-00","OnPoint_SB-04_Chapter_Rollup_v2026-02-17r3.zip","PARENT CHAPTER: contains SB-04-Axx, SB-04-Wxx, SB-04-Txx."
"SB-05","SB-05 Chapter Rollup — Systems, Tools & Automation","Chapter Rollup","ACTIVE","v2026-02-17r3","Chapter Rollup","SB-00","OnPoint_SB-05_Chapter_Rollup_v2026-02-17r3.zip","PARENT CHAPTER: contains SB-05-Axx, SB-05-Wxx, SB-05-Txx."
"SB-06","SB-06 Chapter Rollup — Performance Management & KPI Cadence","Chapter Rollup","ACTIVE","v2026-02-17r3","Chapter Rollup","SB-00","OnPoint_SB-06_Chapter_Rollup_v2026-02-17r3.zip","PARENT CHAPTER: contains SB-06-Axx, SB-06-Wxx, SB-06-Txx."
"SB-07","SB-07 Chapter Rollup — Delivery & Operations","Chapter Rollup","ACTIVE","v2026-02-17r3","Chapter Rollup","SB-00","OnPoint_SB-07_Chapter_Rollup_v2026-02-17r3.zip","PARENT CHAPTER: contains SB-07-Axx, SB-07-Wxx, SB-07-Txx."
"SB-08","SB-08 Chapter Rollup — Sales Pipeline & Growth","Chapter Rollup","ACTIVE","v2026-02-17r3","Chapter Rollup","SB-00","OnPoint_SB-08_Chapter_Rollup_v2026-02-17r3.zip","PARENT CHAPTER: contains SB-08-Axx, SB-08-Wxx, SB-08-Txx."
"SB-09","SB-09 Chapter Rollup — Finance & Reporting","Chapter Rollup","ACTIVE","v2026-02-17r3","Chapter Rollup","SB-00","OnPoint_SB-09_Chapter_Rollup_v2026-02-17r3.zip","PARENT CHAPTER: contains SB-09-Axx, SB-09-Wxx, SB-09-Txx."
"SB-10","SB-10 Chapter Rollup — People & Org Design","Chapter Rollup","ACTIVE","v2026-02-17r3","Chapter Rollup","SB-00","OnPoint_SB-10_Chapter_Rollup_v2026-02-17r3.zip","PARENT CHAPTER: contains SB-10-Axx, SB-10-Wxx, SB-10-Txx."
"SB-11","SB-11 Chapter Rollup — Legal, Risk & Compliance","Chapter Rollup","ACTIVE","v2026-02-17r3","Chapter Rollup","SB-00","OnPoint_SB-11_Chapter_Rollup_v2026-02-17r3.zip","PARENT CHAPTER: contains SB-11-Axx, SB-11-Wxx, SB-11-Txx."
"SB-12","SB-12 Chapter Rollup — Exit Readiness & M&A Package","Chapter Rollup","ACTIVE","v2026-02-17r3","Chapter Rollup","SB-00","OnPoint_SB-12_Chapter_Rollup_v2026-02-17r3.zip","PARENT CHAPTER: contains SB-12-Axx, SB-12-Wxx, SB-12-Txx."
"SB-01-Axx","SB-01 Appendix Assets Pack Rollup","Pack Rollup (Appendix Assets)","ACTIVE","v2026-02-17r3","Pack Parent","SB-01","OnPoint_SB-01_Appendix_Assets_Pack_Rollup_v2026-02-17r3.zip","PARENT PACK: contains SB-01-A01…A05."
"SB-01-Wxx","SB-01 Web Copy Pack Rollup","Pack Rollup (Web Copy)","ACTIVE","v2026-02-17r3","Pack Parent","SB-01","OnPoint_SB-01_Web_Copy_Pack_Rollup_v2026-02-17r3.zip","PARENT PACK: contains SB-01-W01…W03."
"SB-01-Txx","SB-01 Templates Pack Rollup","Pack Rollup (Templates)","ACTIVE","v2026-02-17r3","Pack Parent","SB-01","OnPoint_SB-01_Templates_Pack_Rollup_v2026-02-17r3.zip","PARENT PACK: contains SB-01-T01…T06."
"SB-01-W01","Chapter Landing Page Copy","MD","ACTIVE","v2026-02-17r3","Web Child","SB-01-Wxx","OnPoint_SB-01_W01_Landing_Copy_v2026-02-17r3.md","Website canonical copy"
"SB-01-W02","Section Blocks & Component Copy","MD","ACTIVE","v2026-02-17r3","Web Child","SB-01-Wxx","OnPoint_SB-01_W02_Blocks_Components_v2026-02-17r3.md","Modular page sections"
"SB-01-W03","Downloads Hub Copy","MD","ACTIVE","v2026-02-17r3","Web Child","SB-01-Wxx","OnPoint_SB-01_W03_Downloads_Hub_v2026-02-17r3.md","Download descriptions for A/T assets"
"SB-01-A01","System Diagram","PDF","ACTIVE","v2026-02-17r3","Appendix Child","SB-01-Axx","OnPoint_SB-01_A01_System_Diagram_v2026-02-17r3.pdf","Include in Appendix Pack index"
"SB-01-A02","SOP Template","DOCX","ACTIVE","v2026-02-17r3","Appendix Child","SB-01-Axx","OnPoint_SB-01_A02_SOP_Template_v2026-02-17r3.docx","Version-locked template"
"SB-01-A03","Scorecard","XLSX","ACTIVE","v2026-02-17r3","Appendix Child","SB-01-Axx","OnPoint_SB-01_A03_Scorecard_v2026-02-17r3.xlsx","KPI/scorecard worksheet"
"SB-01-A04","Example Pack","PDF","ACTIVE","v2026-02-17r3","Appendix Child","SB-01-Axx","OnPoint_SB-01_A04_Examples_v2026-02-17r3.pdf","Filled examples/screens"
"SB-01-A05","Standards & Definitions","DOCX","ACTIVE","v2026-02-17r3","Appendix Child","SB-01-Axx","OnPoint_SB-01_A05_Standards_Definitions_v2026-02-17r3.docx","Glossary + rules"
"SB-01-T01","Checklist","PDF","ACTIVE","v2026-02-17r3","Template Child","SB-01-Txx","OnPoint_SB-01_T01_Checklist_v2026-02-17r3.pdf","Printable checklist"
"SB-01-T02","SOP Template","DOCX","ACTIVE","v2026-02-17r3","Template Child","SB-01-Txx","OnPoint_SB-01_T02_SOP_Template_v2026-02-17r3.docx","Execution SOP"
"SB-01-T03","Tracker","XLSX","ACTIVE","v2026-02-17r3","Template Child","SB-01-Txx","OnPoint_SB-01_T03_Tracker_v2026-02-17r3.xlsx","Operating tracker"
"SB-01-T04","Scripts Pack","DOCX","ACTIVE","v2026-02-17r3","Template Child","SB-01-Txx","OnPoint_SB-01_T04_Scripts_Pack_v2026-02-17r3.docx","Stakeholder comms scripts"
"SB-01-T05","Notion Template","MD","ACTIVE","v2026-02-17r3","Template Child","SB-01-Txx","OnPoint_SB-01_T05_Notion_Template_v2026-02-17r3.md","Database/page template"
"SB-01-T06","Prompt Pack","DOCX","ACTIVE","v2026-02-17r3","Template Child","SB-01-Txx","OnPoint_SB-01_T06_Prompt_Pack_v2026-02-17r3.docx","AI prompts"
"SB-02-Axx","SB-02 Appendix Assets Pack Rollup","Pack Rollup (Appendix Assets)","ACTIVE","v2026-02-17r3","Pack Parent","SB-02","OnPoint_SB-02_Appendix_Assets_Pack_Rollup_v2026-02-17r3.zip","PARENT PACK: contains SB-02-A01…A05."
"SB-02-Wxx","SB-02 Web Copy Pack Rollup","Pack Rollup (Web Copy)","ACTIVE","v2026-02-17r3","Pack Parent","SB-02","OnPoint_SB-02_Web_Copy_Pack_Rollup_v2026-02-17r3.zip","PARENT PACK: contains SB-02-W01…W03."
"SB-02-Txx","SB-02 Templates Pack Rollup","Pack Rollup (Templates)","ACTIVE","v2026-02-17r3","Pack Parent","SB-02","OnPoint_SB-02_Templates_Pack_Rollup_v2026-02-17r3.zip","PARENT PACK: contains SB-02-T01…T06."
"SB-02-W01","Chapter Landing Page Copy","MD","ACTIVE","v2026-02-17r3","Web Child","SB-02-Wxx","OnPoint_SB-02_W01_Landing_Copy_v2026-02-17r3.md","Website canonical copy"
"SB-02-W02","Section Blocks & Component Copy","MD","ACTIVE","v2026-02-17r3","Web Child","SB-02-Wxx","OnPoint_SB-02_W02_Blocks_Components_v2026-02-17r3.md","Modular page sections"
"SB-02-W03","Downloads Hub Copy","MD","ACTIVE","v2026-02-17r3","Web Child","SB-02-Wxx","OnPoint_SB-02_W03_Downloads_Hub_v2026-02-17r3.md","Download descriptions for A/T assets"
"SB-02-A01","System Diagram","PDF","ACTIVE","v2026-02-17r3","Appendix Child","SB-02-Axx","OnPoint_SB-02_A01_System_Diagram_v2026-02-17r3.pdf","Include in Appendix Pack index"
"SB-02-A02","SOP Template","DOCX","ACTIVE","v2026-02-17r3","Appendix Child","SB-02-Axx","OnPoint_SB-02_A02_SOP_Template_v2026-02-17r3.docx","Version-locked template"
"SB-02-A03","Scorecard","XLSX","ACTIVE","v2026-02-17r3","Appendix Child","SB-02-Axx","OnPoint_SB-02_A03_Scorecard_v2026-02-17r3.xlsx","KPI/scorecard worksheet"
"SB-02-A04","Example Pack","PDF","ACTIVE","v2026-02-17r3","Appendix Child","SB-02-Axx","OnPoint_SB-02_A04_Examples_v2026-02-17r3.pdf","Filled examples/screens"
"SB-02-A05","Standards & Definitions","DOCX","ACTIVE","v2026-02-17r3","Appendix Child","SB-02-Axx","OnPoint_SB-02_A05_Standards_Definitions_v2026-02-17r3.docx","Glossary + rules"
"SB-02-T01","Checklist","PDF","ACTIVE","v2026-02-17r3","Template Child","SB-02-Txx","OnPoint_SB-02_T01_Checklist_v2026-02-17r3.pdf","Printable checklist"
"SB-02-T02","SOP Template","DOCX","ACTIVE","v2026-02-17r3","Template Child","SB-02-Txx","OnPoint_SB-02_T02_SOP_Template_v2026-02-17r3.docx","Execution SOP"
"SB-02-T03","Tracker","XLSX","ACTIVE","v2026-02-17r3","Template Child","SB-02-Txx","OnPoint_SB-02_T03_Tracker_v2026-02-17r3.xlsx","Operating tracker"
"SB-02-T04","Scripts Pack","DOCX","ACTIVE","v2026-02-17r3","Template Child","SB-02-Txx","OnPoint_SB-02_T04_Scripts_Pack_v2026-02-17r3.docx","Stakeholder comms scripts"
"SB-02-T05","Notion Template","MD","ACTIVE","v2026-02-17r3","Template Child","SB-02-Txx","OnPoint_SB-02_T05_Notion_Template_v2026-02-17r3.md","Database/page template"
"SB-02-T06","Prompt Pack","DOCX","ACTIVE","v2026-02-17r3","Template Child","SB-02-Txx","OnPoint_SB-02_T06_Prompt_Pack_v2026-02-17r3.docx","AI prompts"
"SB-03-Axx","SB-03 Appendix Assets Pack Rollup","Pack Rollup (Appendix Assets)","ACTIVE","v2026-02-17r3","Pack Parent","SB-03","OnPoint_SB-03_Appendix_Assets_Pack_Rollup_v2026-02-17r3.zip","PARENT PACK: contains SB-03-A01…A05."
"SB-03-Wxx","SB-03 Web Copy Pack Rollup","Pack Rollup (Web Copy)","ACTIVE","v2026-02-17r3","Pack Parent","SB-03","OnPoint_SB-03_Web_Copy_Pack_Rollup_v2026-02-17r3.zip","PARENT PACK: contains SB-03-W01…W03."
"SB-03-Txx","SB-03 Templates Pack Rollup","Pack Rollup (Templates)","ACTIVE","v2026-02-17r3","Pack Parent","SB-03","OnPoint_SB-03_Templates_Pack_Rollup_v2026-02-17r3.zip","PARENT PACK: contains SB-03-T01…T06."
"SB-03-W01","Chapter Landing Page Copy","MD","ACTIVE","v2026-02-17r3","Web Child","SB-03-Wxx","OnPoint_SB-03_W01_Landing_Copy_v2026-02-17r3.md","Website canonical copy"
"SB-03-W02","Section Blocks & Component Copy","MD","ACTIVE","v2026-02-17r3","Web Child","SB-03-Wxx","OnPoint_SB-03_W02_Blocks_Components_v2026-02-17r3.md","Modular page sections"
"SB-03-W03","Downloads Hub Copy","MD","ACTIVE","v2026-02-17r3","Web Child","SB-03-Wxx","OnPoint_SB-03_W03_Downloads_Hub_v2026-02-17r3.md","Download descriptions for A/T assets"
"SB-03-A01","System Diagram","PDF","ACTIVE","v2026-02-17r3","Appendix Child","SB-03-Axx","OnPoint_SB-03_A01_System_Diagram_v2026-02-17r3.pdf","Include in Appendix Pack index"
"SB-03-A02","SOP Template","DOCX","ACTIVE","v2026-02-17r3","Appendix Child","SB-03-Axx","OnPoint_SB-03_A02_SOP_Template_v2026-02-17r3.docx","Version-locked template"
"SB-03-A03","Scorecard","XLSX","ACTIVE","v2026-02-17r3","Appendix Child","SB-03-Axx","OnPoint_SB-03_A03_Scorecard_v2026-02-17r3.xlsx","KPI/scorecard worksheet"
"SB-03-A04","Example Pack","PDF","ACTIVE","v2026-02-17r3","Appendix Child","SB-03-Axx","OnPoint_SB-03_A04_Examples_v2026-02-17r3.pdf","Filled examples/screens"
"SB-03-A05","Standards & Definitions","DOCX","ACTIVE","v2026-02-17r3","Appendix Child","SB-03-Axx","OnPoint_SB-03_A05_Standards_Definitions_v2026-02-17r3.docx","Glossary + rules"
"SB-03-T01","Checklist","PDF","ACTIVE","v2026-02-17r3","Template Child","SB-03-Txx","OnPoint_SB-03_T01_Checklist_v2026-02-17r3.pdf","Printable checklist"
"SB-03-T02","SOP Template","DOCX","ACTIVE","v2026-02-17r3","Template Child","SB-03-Txx","OnPoint_SB-03_T02_SOP_Template_v2026-02-17r3.docx","Execution SOP"
"SB-03-T03","Tracker","XLSX","ACTIVE","v2026-02-17r3","Template Child","SB-03-Txx","OnPoint_SB-03_T03_Tracker_v2026-02-17r3.xlsx","Operating tracker"
"SB-03-T04","Scripts Pack","DOCX","ACTIVE","v2026-02-17r3","Template Child","SB-03-Txx","OnPoint_SB-03_T04_Scripts_Pack_v2026-02-17r3.docx","Stakeholder comms scripts"
"SB-03-T05","Notion Template","MD","ACTIVE","v2026-02-17r3","Template Child","SB-03-Txx","OnPoint_SB-03_T05_Notion_Template_v2026-02-17r3.md","Database/page template"
"SB-03-T06","Prompt Pack","DOCX","ACTIVE","v2026-02-17r3","Template Child","SB-03-Txx","OnPoint_SB-03_T06_Prompt_Pack_v2026-02-17r3.docx","AI prompts"
"SB-04-Axx","SB-04 Appendix Assets Pack Rollup","Pack Rollup (Appendix Assets)","ACTIVE","v2026-02-17r3","Pack Parent","SB-04","OnPoint_SB-04_Appendix_Assets_Pack_Rollup_v2026-02-17r3.zip","PARENT PACK: contains SB-04-A01…A05."
"SB-04-Wxx","SB-04 Web Copy Pack Rollup","Pack Rollup (Web Copy)","ACTIVE","v2026-02-17r3","Pack Parent","SB-04","OnPoint_SB-04_Web_Copy_Pack_Rollup_v2026-02-17r3.zip","PARENT PACK: contains SB-04-W01…W03."
"SB-04-Txx","SB-04 Templates Pack Rollup","Pack Rollup (Templates)","ACTIVE","v2026-02-17r3","Pack Parent","SB-04","OnPoint_SB-04_Templates_Pack_Rollup_v2026-02-17r3.zip","PARENT PACK: contains SB-04-T01…T06."
"SB-04-W01","Chapter Landing Page Copy","MD","ACTIVE","v2026-02-17r3","Web Child","SB-04-Wxx","OnPoint_SB-04_W01_Landing_Copy_v2026-02-17r3.md","Website canonical copy"
"SB-04-W02","Section Blocks & Component Copy","MD","ACTIVE","v2026-02-17r3","Web Child","SB-04-Wxx","OnPoint_SB-04_W02_Blocks_Components_v2026-02-17r3.md","Modular page sections"
"SB-04-W03","Downloads Hub Copy","MD","ACTIVE","v2026-02-17r3","Web Child","SB-04-Wxx","OnPoint_SB-04_W03_Downloads_Hub_v2026-02-17r3.md","Download descriptions for A/T assets"
"SB-04-A01","System Diagram","PDF","ACTIVE","v2026-02-17r3","Appendix Child","SB-04-Axx","OnPoint_SB-04_A01_System_Diagram_v2026-02-17r3.pdf","Include in Appendix Pack index"
"SB-04-A02","SOP Template","DOCX","ACTIVE","v2026-02-17r3","Appendix Child","SB-04-Axx","OnPoint_SB-04_A02_SOP_Template_v2026-02-17r3.docx","Version-locked template"
"SB-04-A03","Scorecard","XLSX","ACTIVE","v2026-02-17r3","Appendix Child","SB-04-Axx","OnPoint_SB-04_A03_Scorecard_v2026-02-17r3.xlsx","KPI/scorecard worksheet"
"SB-04-A04","Example Pack","PDF","ACTIVE","v2026-02-17r3","Appendix Child","SB-04-Axx","OnPoint_SB-04_A04_Examples_v2026-02-17r3.pdf","Filled examples/screens"
"SB-04-A05","Standards & Definitions","DOCX","ACTIVE","v2026-02-17r3","Appendix Child","SB-04-Axx","OnPoint_SB-04_A05_Standards_Definitions_v2026-02-17r3.docx","Glossary + rules"
"SB-04-T01","Checklist","PDF","ACTIVE","v2026-02-17r3","Template Child","SB-04-Txx","OnPoint_SB-04_T01_Checklist_v2026-02-17r3.pdf","Printable checklist"
"SB-04-T02","SOP Template","DOCX","ACTIVE","v2026-02-17r3","Template Child","SB-04-Txx","OnPoint_SB-04_T02_SOP_Template_v2026-02-17r3.docx","Execution SOP"
"SB-04-T03","Tracker","XLSX","ACTIVE","v2026-02-17r3","Template Child","SB-04-Txx","OnPoint_SB-04_T03_Tracker_v2026-02-17r3.xlsx","Operating tracker"
"SB-04-T04","Scripts Pack","DOCX","ACTIVE","v2026-02-17r3","Template Child","SB-04-Txx","OnPoint_SB-04_T04_Scripts_Pack_v2026-02-17r3.docx","Stakeholder comms scripts"
"SB-04-T05","Notion Template","MD","ACTIVE","v2026-02-17r3","Template Child","SB-04-Txx","OnPoint_SB-04_T05_Notion_Template_v2026-02-17r3.md","Database/page template"
"SB-04-T06","Prompt Pack","DOCX","ACTIVE","v2026-02-17r3","Template Child","SB-04-Txx","OnPoint_SB-04_T06_Prompt_Pack_v2026-02-17r3.docx","AI prompts"
"SB-05-Axx","SB-05 Appendix Assets Pack Rollup","Pack Rollup (Appendix Assets)","ACTIVE","v2026-02-17r3","Pack Parent","SB-05","OnPoint_SB-05_Appendix_Assets_Pack_Rollup_v2026-02-17r3.zip","PARENT PACK: contains SB-05-A01…A05."
"SB-05-Wxx","SB-05 Web Copy Pack Rollup","Pack Rollup (Web Copy)","ACTIVE","v2026-02-17r3","Pack Parent","SB-05","OnPoint_SB-05_Web_Copy_Pack_Rollup_v2026-02-17r3.zip","PARENT PACK: contains SB-05-W01…W03."
"SB-05-Txx","SB-05 Templates Pack Rollup","Pack Rollup (Templates)","ACTIVE","v2026-02-17r3","Pack Parent","SB-05","OnPoint_SB-05_Templates_Pack_Rollup_v2026-02-17r3.zip","PARENT PACK: contains SB-05-T01…T06."
"SB-05-W01","Chapter Landing Page Copy","MD","ACTIVE","v2026-02-17r3","Web Child","SB-05-Wxx","OnPoint_SB-05_W01_Landing_Copy_v2026-02-17r3.md","Website canonical copy"
"SB-05-W02","Section Blocks & Component Copy","MD","ACTIVE","v2026-02-17r3","Web Child","SB-05-Wxx","OnPoint_SB-05_W02_Blocks_Components_v2026-02-17r3.md","Modular page sections"
"SB-05-W03","Downloads Hub Copy","MD","ACTIVE","v2026-02-17r3","Web Child","SB-05-Wxx","OnPoint_SB-05_W03_Downloads_Hub_v2026-02-17r3.md","Download descriptions for A/T assets"
"SB-05-A01","System Diagram","PDF","ACTIVE","v2026-02-17r3","Appendix Child","SB-05-Axx","OnPoint_SB-05_A01_System_Diagram_v2026-02-17r3.pdf","Include in Appendix Pack index"
"SB-05-A02","SOP Template","DOCX","ACTIVE","v2026-02-17r3","Appendix Child","SB-05-Axx","OnPoint_SB-05_A02_SOP_Template_v2026-02-17r3.docx","Version-locked template"
"SB-05-A03","Scorecard","XLSX","ACTIVE","v2026-02-17r3","Appendix Child","SB-05-Axx","OnPoint_SB-05_A03_Scorecard_v2026-02-17r3.xlsx","KPI/scorecard worksheet"
"SB-05-A04","Example Pack","PDF","ACTIVE","v2026-02-17r3","Appendix Child","SB-05-Axx","OnPoint_SB-05_A04_Examples_v2026-02-17r3.pdf","Filled examples/screens"
"SB-05-A05","Standards & Definitions","DOCX","ACTIVE","v2026-02-17r3","Appendix Child","SB-05-Axx","OnPoint_SB-05_A05_Standards_Definitions_v2026-02-17r3.docx","Glossary + rules"
"SB-05-T01","Checklist","PDF","ACTIVE","v2026-02-17r3","Template Child","SB-05-Txx","OnPoint_SB-05_T01_Checklist_v2026-02-17r3.pdf","Printable checklist"
"SB-05-T02","SOP Template","DOCX","ACTIVE","v2026-02-17r3","Template Child","SB-05-Txx","OnPoint_SB-05_T02_SOP_Template_v2026-02-17r3.docx","Execution SOP"
"SB-05-T03","Tracker","XLSX","ACTIVE","v2026-02-17r3","Template Child","SB-05-Txx","OnPoint_SB-05_T03_Tracker_v2026-02-17r3.xlsx","Operating tracker"
"SB-05-T04","Scripts Pack","DOCX","ACTIVE","v2026-02-17r3","Template Child","SB-05-Txx","OnPoint_SB-05_T04_Scripts_Pack_v2026-02-17r3.docx","Stakeholder comms scripts"
"SB-05-T05","Notion Template","MD","ACTIVE","v2026-02-17r3","Template Child","SB-05-Txx","OnPoint_SB-05_T05_Notion_Template_v2026-02-17r3.md","Database/page template"
"SB-05-T06","Prompt Pack","DOCX","ACTIVE","v2026-02-17r3","Template Child","SB-05-Txx","OnPoint_SB-05_T06_Prompt_Pack_v2026-02-17r3.docx","AI prompts"
"SB-06-Axx","SB-06 Appendix Assets Pack Rollup","Pack Rollup (Appendix Assets)","ACTIVE","v2026-02-17r3","Pack Parent","SB-06","OnPoint_SB-06_Appendix_Assets_Pack_Rollup_v2026-02-17r3.zip","PARENT PACK: contains SB-06-A01…A05."
"SB-06-Wxx","SB-06 Web Copy Pack Rollup","Pack Rollup (Web Copy)","ACTIVE","v2026-02-17r3","Pack Parent","SB-06","OnPoint_SB-06_Web_Copy_Pack_Rollup_v2026-02-17r3.zip","PARENT PACK: contains SB-06-W01…W03."
"SB-06-Txx","SB-06 Templates Pack Rollup","Pack Rollup (Templates)","ACTIVE","v2026-02-17r3","Pack Parent","SB-06","OnPoint_SB-06_Templates_Pack_Rollup_v2026-02-17r3.zip","PARENT PACK: contains SB-06-T01…T06."
"SB-06-W01","Chapter Landing Page Copy","MD","ACTIVE","v2026-02-17r3","Web Child","SB-06-Wxx","OnPoint_SB-06_W01_Landing_Copy_v2026-02-17r3.md","Website canonical copy"
"SB-06-W02","Section Blocks & Component Copy","MD","ACTIVE","v2026-02-17r3","Web Child","SB-06-Wxx","OnPoint_SB-06_W02_Blocks_Components_v2026-02-17r3.md","Modular page sections"
"SB-06-W03","Downloads Hub Copy","MD","ACTIVE","v2026-02-17r3","Web Child","SB-06-Wxx","OnPoint_SB-06_W03_Downloads_Hub_v2026-02-17r3.md","Download descriptions for A/T assets"
"SB-06-A01","System Diagram","PDF","ACTIVE","v2026-02-17r3","Appendix Child","SB-06-Axx","OnPoint_SB-06_A01_System_Diagram_v2026-02-17r3.pdf","Include in Appendix Pack index"
"SB-06-A02","SOP Template","DOCX","ACTIVE","v2026-02-17r3","Appendix Child","SB-06-Axx","OnPoint_SB-06_A02_SOP_Template_v2026-02-17r3.docx","Version-locked template"
"SB-06-A03","Scorecard","XLSX","ACTIVE","v2026-02-17r3","Appendix Child","SB-06-Axx","OnPoint_SB-06_A03_Scorecard_v2026-02-17r3.xlsx","KPI/scorecard worksheet"
"SB-06-A04","Example Pack","PDF","ACTIVE","v2026-02-17r3","Appendix Child","SB-06-Axx","OnPoint_SB-06_A04_Examples_v2026-02-17r3.pdf","Filled examples/screens"
"SB-06-A05","Standards & Definitions","DOCX","ACTIVE","v2026-02-17r3","Appendix Child","SB-06-Axx","OnPoint_SB-06_A05_Standards_Definitions_v2026-02-17r3.docx","Glossary + rules"
"SB-06-T01","Checklist","PDF","ACTIVE","v2026-02-17r3","Template Child","SB-06-Txx","OnPoint_SB-06_T01_Checklist_v2026-02-17r3.pdf","Printable checklist"
"SB-06-T02","SOP Template","DOCX","ACTIVE","v2026-02-17r3","Template Child","SB-06-Txx","OnPoint_SB-06_T02_SOP_Template_v2026-02-17r3.docx","Execution SOP"
"SB-06-T03","Tracker","XLSX","ACTIVE","v2026-02-17r3","Template Child","SB-06-Txx","OnPoint_SB-06_T03_Tracker_v2026-02-17r3.xlsx","Operating tracker"
"SB-06-T04","Scripts Pack","DOCX","ACTIVE","v2026-02-17r3","Template Child","SB-06-Txx","OnPoint_SB-06_T04_Scripts_Pack_v2026-02-17r3.docx","Stakeholder comms scripts"
"SB-06-T05","Notion Template","MD","ACTIVE","v2026-02-17r3","Template Child","SB-06-Txx","OnPoint_SB-06_T05_Notion_Template_v2026-02-17r3.md","Database/page template"
"SB-06-T06","Prompt Pack","DOCX","ACTIVE","v2026-02-17r3","Template Child","SB-06-Txx","OnPoint_SB-06_T06_Prompt_Pack_v2026-02-17r3.docx","AI prompts"
"SB-07-Axx","SB-07 Appendix Assets Pack Rollup","Pack Rollup (Appendix Assets)","ACTIVE","v2026-02-17r3","Pack Parent","SB-07","OnPoint_SB-07_Appendix_Assets_Pack_Rollup_v2026-02-17r3.zip","PARENT PACK: contains SB-07-A01…A05."
"SB-07-Wxx","SB-07 Web Copy Pack Rollup","Pack Rollup (Web Copy)","ACTIVE","v2026-02-17r3","Pack Parent","SB-07","OnPoint_SB-07_Web_Copy_Pack_Rollup_v2026-02-17r3.zip","PARENT PACK: contains SB-07-W01…W03."
"SB-07-Txx","SB-07 Templates Pack Rollup","Pack Rollup (Templates)","ACTIVE","v2026-02-17r3","Pack Parent","SB-07","OnPoint_SB-07_Templates_Pack_Rollup_v2026-02-17r3.zip","PARENT PACK: contains SB-07-T01…T06."
"SB-07-W01","Chapter Landing Page Copy","DOCX","ACTIVE","v2026-02-17r3","Web Child","SB-07-Wxx","OnPoint_SB-07_W01_Landing_Page_Copy_v2026-02-17r3.docx","SB-07 main page hero/intro, outcomes, navigation, CTA"
"SB-07-W02","Section Blocks & Component Copy","DOCX","ACTIVE","v2026-02-17r3","Web Child","SB-07-Wxx","OnPoint_SB-07_W02_Section_Blocks_Component_Copy_v2026-02-17r3.docx","Reusable section blocks (problem/solution, steps, proof, FAQ, CTAs)"
"SB-07-W03","Downloads Hub Copy","DOCX","ACTIVE","v2026-02-17r3","Web Child","SB-07-Wxx","OnPoint_SB-07_W03_Downloads_Hub_Copy_v2026-02-17r3.docx","Downloads index text, access notes, disclaimers, what's included"
"SB-07-A01","System Diagram","PDF","ACTIVE","v2026-02-17r3","Appendix Child","SB-07-Axx","OnPoint_SB-07_A01_System_Diagram_v2026-02-17r3.pdf","Include in Appendix Pack index"
"SB-07-A02","SOP Template","DOCX","ACTIVE","v2026-02-17r3","Appendix Child","SB-07-Axx","OnPoint_SB-07_A02_SOP_Template_v2026-02-17r3.docx","Version-locked template"
"SB-07-A03","Scorecard","XLSX","ACTIVE","v2026-02-17r3","Appendix Child","SB-07-Axx","OnPoint_SB-07_A03_Scorecard_v2026-02-17r3.xlsx","KPI/scorecard worksheet"
"SB-07-A04","Example Pack","PDF","ACTIVE","v2026-02-17r3","Appendix Child","SB-07-Axx","OnPoint_SB-07_A04_Examples_v2026-02-17r3.pdf","Filled examples/screens"
"SB-07-A05","Standards & Definitions","DOCX","ACTIVE","v2026-02-17r3","Appendix Child","SB-07-Axx","OnPoint_SB-07_A05_Standards_Definitions_v2026-02-17r3.docx","Glossary + rules"
"SB-07-T01","Checklist","PDF","ACTIVE","v2026-02-17r3","Template Child","SB-07-Txx","OnPoint_SB-07_T01_Checklist_v2026-02-17r3.pdf","Printable checklist"
"SB-07-T02","SOP Template","DOCX","ACTIVE","v2026-02-17r3","Template Child","SB-07-Txx","OnPoint_SB-07_T02_SOP_Template_v2026-02-17r3.docx","Execution SOP"
"SB-07-T03","Tracker","XLSX","ACTIVE","v2026-02-17r3","Template Child","SB-07-Txx","OnPoint_SB-07_T03_Tracker_v2026-02-17r3.xlsx","Operating tracker"
"SB-07-T04","Scripts Pack","DOCX","ACTIVE","v2026-02-17r3","Template Child","SB-07-Txx","OnPoint_SB-07_T04_Scripts_Pack_v2026-02-17r3.docx","Stakeholder comms scripts"
"SB-07-T05","Notion Template","MD","ACTIVE","v2026-02-17r3","Template Child","SB-07-Txx","OnPoint_SB-07_T05_Notion_Template_v2026-02-17r3.md","Database/page template"
"SB-07-T06","Prompt Pack","DOCX","ACTIVE","v2026-02-17r3","Template Child","SB-07-Txx","OnPoint_SB-07_T06_Prompt_Pack_v2026-02-17r3.docx","AI prompts"
"SB-08-Axx","SB-08 Appendix Pack Rollup — Sales Pipeline & Growth","Pack Rollup (Appendix)","ACTIVE","v2026-02-17r3","Pack Parent","SB-08","OnPoint_SB-08_Appendix_Pack_Rollup_v2026-02-17r3.zip","PARENT PACK: contains SB-08-A01… (appendices, references, diagrams, artifacts)."
"SB-08-Wxx","SB-08 Web Copy Pack Rollup — Sales Pipeline & Growth","Pack Rollup (Web Copy)","ACTIVE","v2026-02-17r3","Pack Parent","SB-08","OnPoint_SB-08_Web_Copy_Pack_Rollup_v2026-02-17r3.zip","PARENT PACK: contains SB-08-W01…W03 (landing, blocks/components, downloads hub)."
"SB-08-Txx","SB-08 Template Pack Rollup — Sales Pipeline & Growth","Pack Rollup (Templates)","ACTIVE","v2026-02-17r3","Pack Parent","SB-08","OnPoint_SB-08_Template_Pack_Rollup_v2026-02-17r3.zip","PARENT PACK: contains SB-08-T01… (SOPs, scripts, email templates, policies, reusable assets)."
"SB-08-W01","Chapter Landing Page Copy","DOCX","ACTIVE","v2026-02-17r3","Web Child","SB-08-Wxx","OnPoint_SB-08_W01_Landing_Page_Copy_v2026-02-17r3.docx","SB-08 main page hero/intro, outcomes, navigation, CTA"
"SB-08-W02","Section Blocks & Component Copy","DOCX","ACTIVE","v2026-02-17r3","Web Child","SB-08-Wxx","OnPoint_SB-08_W02_Section_Blocks_Component_Copy_v2026-02-17r3.docx","Reusable section blocks (problem/solution, steps, proof, FAQ, CTAs)"
"SB-08-W03","Downloads Hub Copy","DOCX","ACTIVE","v2026-02-17r3","Web Child","SB-08-Wxx","OnPoint_SB-08_W03_Downloads_Hub_Copy_v2026-02-17r3.docx","Downloads index text, access notes, disclaimers, what's included"
"SB-08-A01","System Diagram","PDF","ACTIVE","v2026-02-17r3","Appendix Child","SB-08-Axx","OnPoint_SB-08_A01_System_Diagram_v2026-02-17r3.pdf","Include in Appendix Pack index"
"SB-08-A02","SOP Template","DOCX","ACTIVE","v2026-02-17r3","Appendix Child","SB-08-Axx","OnPoint_SB-08_A02_SOP_Template_v2026-02-17r3.docx","Version-locked template"
"SB-08-A03","Scorecard","XLSX","ACTIVE","v2026-02-17r3","Appendix Child","SB-08-Axx","OnPoint_SB-08_A03_Scorecard_v2026-02-17r3.xlsx","KPI/scorecard worksheet"
"SB-08-A04","Example Pack","PDF","ACTIVE","v2026-02-17r3","Appendix Child","SB-08-Axx","OnPoint_SB-08_A04_Examples_v2026-02-17r3.pdf","Filled examples/screens"
"SB-08-A05","Standards & Definitions","DOCX","ACTIVE","v2026-02-17r3","Appendix Child","SB-08-Axx","OnPoint_SB-08_A05_Standards_Definitions_v2026-02-17r3.docx","Glossary + rules"
"SB-08-T01","Checklist","PDF","ACTIVE","v2026-02-17r3","Template Child","SB-08-Txx","OnPoint_SB-08_T01_Checklist_v2026-02-17r3.pdf","Printable checklist"
"SB-08-T02","SOP Template","DOCX","ACTIVE","v2026-02-17r3","Template Child","SB-08-Txx","OnPoint_SB-08_T02_SOP_Template_v2026-02-17r3.docx","Execution SOP"
"SB-08-T03","Tracker","XLSX","ACTIVE","v2026-02-17r3","Template Child","SB-08-Txx","OnPoint_SB-08_T03_Tracker_v2026-02-17r3.xlsx","Operating tracker"
"SB-08-T04","Scripts Pack","DOCX","ACTIVE","v2026-02-17r3","Template Child","SB-08-Txx","OnPoint_SB-08_T04_Scripts_Pack_v2026-02-17r3.docx","Stakeholder comms scripts"
"SB-08-T05","Notion Template","MD","ACTIVE","v2026-02-17r3","Template Child","SB-08-Txx","OnPoint_SB-08_T05_Notion_Template_v2026-02-17r3.md","Database/page template"
"SB-08-T06","Prompt Pack","DOCX","ACTIVE","v2026-02-17r3","Template Child","SB-08-Txx","OnPoint_SB-08_T06_Prompt_Pack_v2026-02-17r3.docx","AI prompts"
"SB-09-Axx","SB-09 Appendix Pack Rollup — Finance & Reporting","Pack Rollup (Appendix)","ACTIVE","v2026-02-17r3","Pack Parent","SB-09","OnPoint_SB-09_Appendix_Pack_Rollup_v2026-02-17r3.zip","PARENT PACK: contains SB-09-A01… (appendices, references, diagrams, artifacts)."
"SB-09-Wxx","SB-09 Web Copy Pack Rollup — Finance & Reporting","Pack Rollup (Web Copy)","ACTIVE","v2026-02-17r3","Pack Parent","SB-09","OnPoint_SB-09_Web_Copy_Pack_Rollup_v2026-02-17r3.zip","PARENT PACK: contains SB-09-W01…W03 (landing, blocks/components, downloads hub)."
"SB-09-Txx","SB-09 Template Pack Rollup — Finance & Reporting","Pack Rollup (Templates)","ACTIVE","v2026-02-17r3","Pack Parent","SB-09","OnPoint_SB-09_Template_Pack_Rollup_v2026-02-17r3.zip","PARENT PACK: contains SB-09-T01… (SOPs, scripts, email templates, policies, reusable assets)."
"SB-09-W01","Chapter Landing Page Copy","DOCX","ACTIVE","v2026-02-17r3","Web Child","SB-09-Wxx","OnPoint_SB-09_W01_Landing_Page_Copy_v2026-02-17r3.docx","SB-09 main page hero/intro, outcomes, navigation, CTA"
"SB-09-W02","Section Blocks & Component Copy","DOCX","ACTIVE","v2026-02-17r3","Web Child","SB-09-Wxx","OnPoint_SB-09_W02_Section_Blocks_Component_Copy_v2026-02-17r3.docx","Reusable section blocks (problem/solution, steps, proof, FAQ, CTAs)"
"SB-09-W03","Downloads Hub Copy","DOCX","ACTIVE","v2026-02-17r3","Web Child","SB-09-Wxx","OnPoint_SB-09_W03_Downloads_Hub_Copy_v2026-02-17r3.docx","Downloads index text, access notes, disclaimers, what's included"
"SB-09-A01","System Diagram","PDF","ACTIVE","v2026-02-17r3","Appendix Child","SB-09-Axx","OnPoint_SB-09_A01_System_Diagram_v2026-02-17r3.pdf","Include in Appendix Pack index"
"SB-09-A02","SOP Template","DOCX","ACTIVE","v2026-02-17r3","Appendix Child","SB-09-Axx","OnPoint_SB-09_A02_SOP_Template_v2026-02-17r3.docx","Version-locked template"
"SB-09-A03","Scorecard","XLSX","ACTIVE","v2026-02-17r3","Appendix Child","SB-09-Axx","OnPoint_SB-09_A03_Scorecard_v2026-02-17r3.xlsx","KPI/scorecard worksheet"
"SB-09-A04","Example Pack","PDF","ACTIVE","v2026-02-17r3","Appendix Child","SB-09-Axx","OnPoint_SB-09_A04_Examples_v2026-02-17r3.pdf","Filled examples/screens"
"SB-09-A05","Standards & Definitions","DOCX","ACTIVE","v2026-02-17r3","Appendix Child","SB-09-Axx","OnPoint_SB-09_A05_Standards_Definitions_v2026-02-17r3.docx","Glossary + rules"
"SB-09-T01","Checklist","PDF","ACTIVE","v2026-02-17r3","Template Child","SB-09-Txx","OnPoint_SB-09_T01_Checklist_v2026-02-17r3.pdf","Printable checklist"
"SB-09-T02","SOP Template","DOCX","ACTIVE","v2026-02-17r3","Template Child","SB-09-Txx","OnPoint_SB-09_T02_SOP_Template_v2026-02-17r3.docx","Execution SOP"
"SB-09-T03","Tracker","XLSX","ACTIVE","v2026-02-17r3","Template Child","SB-09-Txx","OnPoint_SB-09_T03_Tracker_v2026-02-17r3.xlsx","Operating tracker"
"SB-09-T04","Scripts Pack","DOCX","ACTIVE","v2026-02-17r3","Template Child","SB-09-Txx","OnPoint_SB-09_T04_Scripts_Pack_v2026-02-17r3.docx","Stakeholder comms scripts"
"SB-09-T05","Notion Template","MD","ACTIVE","v2026-02-17r3","Template Child","SB-09-Txx","OnPoint_SB-09_T05_Notion_Template_v2026-02-17r3.md","Database/page template"
"SB-09-T06","Prompt Pack","DOCX","ACTIVE","v2026-02-17r3","Template Child","SB-09-Txx","OnPoint_SB-09_T06_Prompt_Pack_v2026-02-17r3.docx","AI prompts"
"SB-10-Axx","SB-10 Appendix Pack Rollup — People & Org Design","Pack Rollup (Appendix)","ACTIVE","v2026-02-17r3","Pack Parent","SB-10","OnPoint_SB-10_Appendix_Pack_Rollup_v2026-02-17r3.zip","PARENT PACK: contains SB-10-A01… (appendices, references, diagrams, artifacts)."
"SB-10-Wxx","SB-10 Web Copy Pack Rollup — People & Org Design","Pack Rollup (Web Copy)","ACTIVE","v2026-02-17r3","Pack Parent","SB-10","OnPoint_SB-10_Web_Copy_Pack_Rollup_v2026-02-17r3.zip","PARENT PACK: contains SB-10-W01…W03 (landing, blocks/components, downloads hub)."
"SB-10-Txx","SB-10 Template Pack Rollup — People & Org Design","Pack Rollup (Templates)","ACTIVE","v2026-02-17r3","Pack Parent","SB-10","OnPoint_SB-10_Template_Pack_Rollup_v2026-02-17r3.zip","PARENT PACK: contains SB-10-T01… (SOPs, scripts, email templates, policies, reusable assets)."
"SB-10-W01","Chapter Landing Page Copy","DOCX","ACTIVE","v2026-02-17r3","Web Child","SB-10-Wxx","OnPoint_SB-10_W01_Landing_Page_Copy_v2026-02-17r3.docx","SB-10 main page hero/intro, outcomes, navigation, CTA"
"SB-10-W02","Section Blocks & Component Copy","DOCX","ACTIVE","v2026-02-17r3","Web Child","SB-10-Wxx","OnPoint_SB-10_W02_Section_Blocks_Component_Copy_v2026-02-17r3.docx","Reusable section blocks (problem/solution, steps, proof, FAQ, CTAs)"
"SB-10-W03","Downloads Hub Copy","DOCX","ACTIVE","v2026-02-17r3","Web Child","SB-10-Wxx","OnPoint_SB-10_W03_Downloads_Hub_Copy_v2026-02-17r3.docx","Downloads index text, access notes, disclaimers, what's included"
"SB-10-A01","System Diagram","PDF","ACTIVE","v2026-02-17r3","Appendix Child","SB-10-Axx","OnPoint_SB-10_A01_System_Diagram_v2026-02-17r3.pdf","Include in Appendix Pack index"
"SB-10-A02","SOP Template","DOCX","ACTIVE","v2026-02-17r3","Appendix Child","SB-10-Axx","OnPoint_SB-10_A02_SOP_Template_v2026-02-17r3.docx","Version-locked template"
"SB-10-A03","Scorecard","XLSX","ACTIVE","v2026-02-17r3","Appendix Child","SB-10-Axx","OnPoint_SB-10_A03_Scorecard_v2026-02-17r3.xlsx","KPI/scorecard worksheet"
"SB-10-A04","Example Pack","PDF","ACTIVE","v2026-02-17r3","Appendix Child","SB-10-Axx","OnPoint_SB-10_A04_Examples_v2026-02-17r3.pdf","Filled examples/screens"
"SB-10-A05","Standards & Definitions","DOCX","ACTIVE","v2026-02-17r3","Appendix Child","SB-10-Axx","OnPoint_SB-10_A05_Standards_Definitions_v2026-02-17r3.docx","Glossary + rules"
"SB-10-T01","Checklist","PDF","ACTIVE","v2026-02-17r3","Template Child","SB-10-Txx","OnPoint_SB-10_T01_Checklist_v2026-02-17r3.pdf","Printable checklist"
"SB-10-T02","SOP Template","DOCX","ACTIVE","v2026-02-17r3","Template Child","SB-10-Txx","OnPoint_SB-10_T02_SOP_Template_v2026-02-17r3.docx","Execution SOP"
"SB-10-T03","Tracker","XLSX","ACTIVE","v2026-02-17r3","Template Child","SB-10-Txx","OnPoint_SB-10_T03_Tracker_v2026-02-17r3.xlsx","Operating tracker"
"SB-10-T04","Scripts Pack","DOCX","ACTIVE","v2026-02-17r3","Template Child","SB-10-Txx","OnPoint_SB-10_T04_Scripts_Pack_v2026-02-17r3.docx","Stakeholder comms scripts"
"SB-10-T05","Notion Template","MD","ACTIVE","v2026-02-17r3","Template Child","SB-10-Txx","OnPoint_SB-10_T05_Notion_Template_v2026-02-17r3.md","Database/page template"
"SB-10-T06","Prompt Pack","DOCX","ACTIVE","v2026-02-17r3","Template Child","SB-10-Txx","OnPoint_SB-10_T06_Prompt_Pack_v2026-02-17r3.docx","AI prompts"
"SB-11-Axx","SB-11 Appendix Pack Rollup — Legal, Risk & Compliance","Pack Rollup (Appendix)","ACTIVE","v2026-02-17r3","Pack Parent","SB-11","OnPoint_SB-11_Appendix_Pack_Rollup_v2026-02-17r3.zip","PARENT PACK: contains SB-11-A01… (appendices, references, diagrams, artifacts)."
"SB-11-Wxx","SB-11 Web Copy Pack Rollup — Legal, Risk & Compliance","Pack Rollup (Web Copy)","ACTIVE","v2026-02-17r3","Pack Parent","SB-11","OnPoint_SB-11_Web_Copy_Pack_Rollup_v2026-02-17r3.zip","PARENT PACK: contains SB-11-W01…W03 (landing, blocks/components, downloads hub)."
"SB-11-Txx","SB-11 Template Pack Rollup — Legal, Risk & Compliance","Pack Rollup (Templates)","ACTIVE","v2026-02-17r3","Pack Parent","SB-11","OnPoint_SB-11_Template_Pack_Rollup_v2026-02-17r3.zip","PARENT PACK: contains SB-11-T01… (SOPs, scripts, email templates, policies, reusable assets)."
"SB-11-W01","Chapter Landing Page Copy","DOCX","ACTIVE","v2026-02-17r3","Web Child","SB-11-Wxx","OnPoint_SB-11_W01_Landing_Page_Copy_v2026-02-17r3.docx","SB-11 main page hero/intro, outcomes, navigation, CTA"
"SB-11-W02","Section Blocks & Component Copy","DOCX","ACTIVE","v2026-02-17r3","Web Child","SB-11-Wxx","OnPoint_SB-11_W02_Section_Blocks_Component_Copy_v2026-02-17r3.docx","Reusable section blocks (problem/solution, steps, proof, FAQ, CTAs)"
"SB-11-W03","Downloads Hub Copy","DOCX","ACTIVE","v2026-02-17r3","Web Child","SB-11-Wxx","OnPoint_SB-11_W03_Downloads_Hub_Copy_v2026-02-17r3.docx","Downloads index text, access notes, disclaimers, what's included"
"SB-11-A01","System Diagram","PDF","ACTIVE","v2026-02-17r3","Appendix Child","SB-11-Axx","OnPoint_SB-11_A01_System_Diagram_v2026-02-17r3.pdf","Include in Appendix Pack index"
"SB-11-A02","SOP Template","DOCX","ACTIVE","v2026-02-17r3","Appendix Child","SB-11-Axx","OnPoint_SB-11_A02_SOP_Template_v2026-02-17r3.docx","Version-locked template"
"SB-11-A03","Scorecard","XLSX","ACTIVE","v2026-02-17r3","Appendix Child","SB-11-Axx","OnPoint_SB-11_A03_Scorecard_v2026-02-17r3.xlsx","KPI/scorecard worksheet"
"SB-11-A04","Example Pack","PDF","ACTIVE","v2026-02-17r3","Appendix Child","SB-11-Axx","OnPoint_SB-11_A04_Examples_v2026-02-17r3.pdf","Filled examples/screens"
"SB-11-A05","Standards & Definitions","DOCX","ACTIVE","v2026-02-17r3","Appendix Child","SB-11-Axx","OnPoint_SB-11_A05_Standards_Definitions_v2026-02-17r3.docx","Glossary + rules"
"SB-11-T01","Checklist","PDF","ACTIVE","v2026-02-17r3","Template Child","SB-11-Txx","OnPoint_SB-11_T01_Checklist_v2026-02-17r3.pdf","Printable checklist"
"SB-11-T02","SOP Template","DOCX","ACTIVE","v2026-02-17r3","Template Child","SB-11-Txx","OnPoint_SB-11_T02_SOP_Template_v2026-02-17r3.docx","Execution SOP"
"SB-11-T03","Tracker","XLSX","ACTIVE","v2026-02-17r3","Template Child","SB-11-Txx","OnPoint_SB-11_T03_Tracker_v2026-02-17r3.xlsx","Operating tracker"
"SB-11-T04","Scripts Pack","DOCX","ACTIVE","v2026-02-17r3","Template Child","SB-11-Txx","OnPoint_SB-11_T04_Scripts_Pack_v2026-02-17r3.docx","Stakeholder comms scripts"
"SB-11-T05","Notion Template","MD","ACTIVE","v2026-02-17r3","Template Child","SB-11-Txx","OnPoint_SB-11_T05_Notion_Template_v2026-02-17r3.md","Database/page template"
"SB-11-T06","Prompt Pack","DOCX","ACTIVE","v2026-02-17r3","Template Child","SB-11-Txx","OnPoint_SB-11_T06_Prompt_Pack_v2026-02-17r3.docx","AI prompts"
"SB-12-Axx","SB-12 Appendix Pack Rollup — Exit Readiness & M&A Package","Pack Rollup (Appendix)","ACTIVE","v2026-02-17r3","Pack Parent","SB-12","OnPoint_SB-12_Appendix_Pack_Rollup_v2026-02-17r3.zip","PARENT PACK: contains SB-12-A01… (appendices, references, diagrams, artifacts)."
"SB-12-Wxx","SB-12 Web Copy Pack Rollup — Exit Readiness & M&A Package","Pack Rollup (Web Copy)","ACTIVE","v2026-02-17r3","Pack Parent","SB-12","OnPoint_SB-12_Web_Copy_Pack_Rollup_v2026-02-17r3.zip","PARENT PACK: contains SB-12-W01…W03 (landing, blocks/components, downloads hub)."
"SB-12-Txx","SB-12 Template Pack Rollup — Exit Readiness & M&A Package","Pack Rollup (Templates)","ACTIVE","v2026-02-17r3","Pack Parent","SB-12","OnPoint_SB-12_Template_Pack_Rollup_v2026-02-17r3.zip","PARENT PACK: contains SB-12-T01… (SOPs, scripts, email templates, policies, reusable assets)."
"SB-12-W01","Chapter Landing Page Copy","DOCX","ACTIVE","v2026-02-17r3","Web Child","SB-12-Wxx","OnPoint_SB-12_W01_Landing_Page_Copy_v2026-02-17r3.docx","SB-12 main page hero/intro, outcomes, navigation, CTA"
"SB-12-W02","Section Blocks & Component Copy","DOCX","ACTIVE","v2026-02-17r3","Web Child","SB-12-Wxx","OnPoint_SB-12_W02_Section_Blocks_Component_Copy_v2026-02-17r3.docx","Reusable section blocks (problem/solution, steps, proof, FAQ, CTAs)"
"SB-12-W03","Downloads Hub Copy","DOCX","ACTIVE","v2026-02-17r3","Web Child","SB-12-Wxx","OnPoint_SB-12_W03_Downloads_Hub_Copy_v2026-02-17r3.docx","Downloads index text, access notes, disclaimers, what's included"
"SB-12-A01","System Diagram","PDF","ACTIVE","v2026-02-17r3","Appendix Child","SB-12-Axx","OnPoint_SB-12_A01_System_Diagram_v2026-02-17r3.pdf","Include in Appendix Pack index"
"SB-12-A02","SOP Template","DOCX","ACTIVE","v2026-02-17r3","Appendix Child","SB-12-Axx","OnPoint_SB-12_A02_SOP_Template_v2026-02-17r3.docx","Version-locked template"
"SB-12-A03","Scorecard","XLSX","ACTIVE","v2026-02-17r3","Appendix Child","SB-12-Axx","OnPoint_SB-12_A03_Scorecard_v2026-02-17r3.xlsx","KPI/scorecard worksheet"
"SB-12-A04","Example Pack","PDF","ACTIVE","v2026-02-17r3","Appendix Child","SB-12-Axx","OnPoint_SB-12_A04_Examples_v2026-02-17r3.pdf","Filled examples/screens"
"SB-12-A05","Standards & Definitions","DOCX","ACTIVE","v2026-02-17r3","Appendix Child","SB-12-Axx","OnPoint_SB-12_A05_Standards_Definitions_v2026-02-17r3.docx","Glossary + rules"
"SB-12-T01","Checklist","PDF","ACTIVE","v2026-02-17r3","Template Child","SB-12-Txx","OnPoint_SB-12_T01_Checklist_v2026-02-17r3.pdf","Printable checklist"
"SB-12-T02","SOP Template","DOCX","ACTIVE","v2026-02-17r3","Template Child","SB-12-Txx","OnPoint_SB-12_T02_SOP_Template_v2026-02-17r3.docx","Execution SOP"
"SB-12-T03","Tracker","XLSX","ACTIVE","v2026-02-17r3","Template Child","SB-12-Txx","OnPoint_SB-12_T03_Tracker_v2026-02-17r3.xlsx","Operating tracker"
"SB-12-T04","Scripts Pack","DOCX","ACTIVE","v2026-02-17r3","Template Child","SB-12-Txx","OnPoint_SB-12_T04_Scripts_Pack_v2026-02-17r3.docx","Stakeholder comms scripts"
"SB-12-T05","Notion Template","MD","ACTIVE","v2026-02-17r3","Template Child","SB-12-Txx","OnPoint_SB-12_T05_Notion_Template_v2026-02-17r3.md","Database/page template"
"SB-12-T06","Prompt Pack","DOCX","ACTIVE","v2026-02-17r3","Template Child","SB-12-Txx","OnPoint_SB-12_T06_Prompt_Pack_v2026-02-17r3.docx","AI prompts"
